Time,Counts/10
1742601114.7587466,1
1742601124.7691073,0
1742601134.779375,0
1742601144.7896774,0
1742601154.7977479,0
1742601164.8080578,1
1742601174.818379,0
1742601184.828715,1
1742601194.8390503,0
1742601204.8493624,0
1742601214.8597412,1
1742601224.8700666,2
