Time,Counts/10
1742600950.7028363,2
1742600960.7131734,2
1742600970.7235456,0
1742600980.733754,4
1742600990.7440424,2
1742601000.7536578,2
1742601010.7616715,1
1742601020.7719505,1
1742601030.7822568,2
1742601040.7924614,3
1742601050.8027477,2
1742601060.8130667,2
