Time,CPM
1742598178.756586,62
1742598238.767536,58
1742598298.7924187,59
1742598358.8355448,63
1742598418.840633,64
